measure,location,sex,age,cause,metric,year,val,upper,lower
Deaths,East Asia & Pacific - WB,Both,Under 5,Malaria,Number,2000,1873.7482488391577,4692.839474849121,741.3760521202732
Deaths,East Asia & Pacific - WB,Both,5-14 years,Malaria,Number,2000,806.3444380092543,1972.7209749394528,334.73469117708504
Deaths,East Asia & Pacific - WB,Both,15-49 years,Malaria,Number,2000,4450.483729363832,10826.70653300481,1905.1511107696178
Deaths,East Asia & Pacific - WB,Both,50 to 74 years,Malaria,Number,2000,2056.9563284763294,4931.975260682057,872.3748649813916
Deaths,East Asia & Pacific - WB,Both,75 plus,Malaria,Number,2000,68.28011534532499,160.9433405936882,29.899174792176815
Deaths,Sub-Saharan Africa - WB,Both,Under 5,Malaria,Number,2000,549725.2943611423,911666.8041329338,275088.81108493224
Deaths,Sub-Saharan Africa - WB,Both,5-14 years,Malaria,Number,2000,30218.457960432657,51887.85212241781,14375.233554549914
Deaths,Sub-Saharan Africa - WB,Both,15-49 years,Malaria,Number,2000,85765.1265911357,151314.5665268352,39668.52132784111
Deaths,Sub-Saharan Africa - WB,Both,50 to 74 years,Malaria,Number,2000,102915.98058839003,179683.61474816757,48251.57052324573
Deaths,Sub-Saharan Africa - WB,Both,75 plus,Malaria,Number,2000,6170.556531232094,11732.60971873202,2674.3007661100028
Deaths,North America,Both,Under 5,Malaria,Number,2000,0.0,0.0,0.0
Deaths,North America,Both,5-14 years,Malaria,Number,2000,0.0,0.0,0.0
Deaths,North America,Both,15-49 years,Malaria,Number,2000,0.0,0.0,0.0
Deaths,North America,Both,50 to 74 years,Malaria,Number,2000,0.0,0.0,0.0
Deaths,North America,Both,75 plus,Malaria,Number,2000,0.0,0.0,0.0
Deaths,Europe & Central Asia - WB,Both,Under 5,Malaria,Number,2001,70.00696565381779,197.94397651471974,21.89326023202159
Deaths,Europe & Central Asia - WB,Both,5-14 years,Malaria,Number,2001,5.12610701020864,18.338641449038587,1.1012936882064954
Deaths,Europe & Central Asia - WB,Both,15-49 years,Malaria,Number,2001,39.99989555672336,127.50926798998411,12.303634288466975
Deaths,Europe & Central Asia - WB,Both,50 to 74 years,Malaria,Number,2001,14.439348815256558,42.9768058494339,5.644227204640325
Deaths,Europe & Central Asia - WB,Both,75 plus,Malaria,Number,2001,3.227615078407465,6.6556691580132314,1.9629155492186077
Deaths,Middle East & North Africa - WB,Both,Under 5,Malaria,Number,2001,208.8490927790089,511.21099783448415,52.825900833104505
Deaths,Middle East & North Africa - WB,Both,5-14 years,Malaria,Number,2001,77.99240988010547,193.37660151757726,20.925235495413382
Deaths,Middle East & North Africa - WB,Both,15-49 years,Malaria,Number,2001,3923.66314164789,7616.963660555359,1411.5237508288187
Deaths,Middle East & North Africa - WB,Both,50 to 74 years,Malaria,Number,2001,1038.7506463023979,2445.802473200435,290.4759487181586
Deaths,Middle East & North Africa - WB,Both,75 plus,Malaria,Number,2001,128.76615539628307,308.05846811673473,35.909942053962965
Deaths,East Asia & Pacific - WB,Both,Under 5,Malaria,Number,2002,2349.873571381723,5289.368251353338,977.6242908209347
Deaths,East Asia & Pacific - WB,Both,5-14 years,Malaria,Number,2002,969.8083972028325,2139.0152569610786,419.259810819958
Deaths,East Asia & Pacific - WB,Both,15-49 years,Malaria,Number,2002,5140.751047955719,10953.69173216038,2228.8161452691547
Deaths,East Asia & Pacific - WB,Both,50 to 74 years,Malaria,Number,2002,2533.6035349116833,5633.992172112032,1119.525231848441
Deaths,East Asia & Pacific - WB,Both,75 plus,Malaria,Number,2002,75.74092528305177,165.4692165421932,32.2886631176684
Deaths,Latin America & Caribbean - WB,Both,Under 5,Malaria,Number,2002,747.1084646501072,1413.2159322298573,281.86238066237803
Deaths,Latin America & Caribbean - WB,Both,5-14 years,Malaria,Number,2002,497.7484234087462,880.1133182978238,195.17307877892176
Deaths,Latin America & Caribbean - WB,Both,15-49 years,Malaria,Number,2002,1554.700449171728,2945.4685850709325,600.6678149627318
Deaths,Latin America & Caribbean - WB,Both,50 to 74 years,Malaria,Number,2002,588.3116895058171,1153.4742651476813,219.0824386759752
Deaths,Latin America & Caribbean - WB,Both,75 plus,Malaria,Number,2002,22.801739574901436,42.55211205838726,9.834642800544719
Deaths,Latin America & Caribbean - WB,Both,Under 5,Malaria,Number,2000,1403.6393176177019,2619.131476860149,606.5410951062718
Deaths,Latin America & Caribbean - WB,Both,5-14 years,Malaria,Number,2000,832.6623176485979,1425.5984743997408,368.6936546954754
Deaths,Latin America & Caribbean - WB,Both,15-49 years,Malaria,Number,2000,2378.5216696446073,4297.262661771021,1031.1945501436176
Deaths,Latin America & Caribbean - WB,Both,50 to 74 years,Malaria,Number,2000,865.5089356775312,1622.5671869906303,363.1852367574054
Deaths,Latin America & Caribbean - WB,Both,75 plus,Malaria,Number,2000,31.53489625260335,57.307127751441165,14.198866745042631
Deaths,Sub-Saharan Africa - WB,Both,Under 5,Malaria,Number,2002,574558.8443188844,923865.8791793031,289239.10704186186
Deaths,South Asia - WB,Both,Under 5,Malaria,Number,2000,33521.07036428312,53957.62820690878,17860.472061845394
Deaths,South Asia - WB,Both,5-14 years,Malaria,Number,2000,28915.572972390964,46074.77898744118,15275.063141433244
Deaths,South Asia - WB,Both,15-49 years,Malaria,Number,2000,14274.742743999448,24755.877824087565,6569.673375215503
Deaths,South Asia - WB,Both,50 to 74 years,Malaria,Number,2000,9910.971378884642,17347.05258904752,4578.668159069412
Deaths,South Asia - WB,Both,75 plus,Malaria,Number,2000,372.9896350334291,652.298677145802,172.86824350740216
Deaths,Sub-Saharan Africa - WB,Both,5-14 years,Malaria,Number,2002,32611.255598523043,54011.03839124245,15689.20258682626
Deaths,Sub-Saharan Africa - WB,Both,15-49 years,Malaria,Number,2002,91308.80962485279,155829.41907689057,42898.73588735973
Deaths,Sub-Saharan Africa - WB,Both,50 to 74 years,Malaria,Number,2002,108532.75554127495,182696.37578461217,51669.596832681425
Deaths,Sub-Saharan Africa - WB,Both,75 plus,Malaria,Number,2002,6443.682191587452,11284.122416939987,2851.0840458389907
Deaths,South Asia - WB,Both,Under 5,Malaria,Number,2002,38565.41392940768,68727.34445891228,19069.41436249194
Deaths,South Asia - WB,Both,5-14 years,Malaria,Number,2002,28099.93460739264,44024.760091204844,15785.085546497765
Deaths,South Asia - WB,Both,15-49 years,Malaria,Number,2002,17232.62780047384,28035.59293657498,9658.759403007556
Deaths,South Asia - WB,Both,50 to 74 years,Malaria,Number,2002,11946.073851499976,19861.545988509733,6549.690238010988
Deaths,South Asia - WB,Both,75 plus,Malaria,Number,2002,473.3839298700254,799.9918235226717,249.77298926937772
Deaths,North America,Both,Under 5,Malaria,Number,2002,0.0,0.0,0.0
Deaths,North America,Both,5-14 years,Malaria,Number,2002,0.0,0.0,0.0
Deaths,North America,Both,15-49 years,Malaria,Number,2002,0.0,0.0,0.0
Deaths,North America,Both,50 to 74 years,Malaria,Number,2002,0.0,0.0,0.0
Deaths,North America,Both,75 plus,Malaria,Number,2002,0.0,0.0,0.0
Deaths,Europe & Central Asia - WB,Both,Under 5,Malaria,Number,2003,25.019413023445345,70.3882210656909,9.950977665705768
Deaths,Europe & Central Asia - WB,Both,5-14 years,Malaria,Number,2003,1.316243288458127,3.6890763553256005,0.5542056962180951
Deaths,Europe & Central Asia - WB,Both,15-49 years,Malaria,Number,2003,19.676530829397635,52.421095422046626,8.989298928032124
Deaths,Europe & Central Asia - WB,Both,50 to 74 years,Malaria,Number,2003,8.413086031121797,19.78045606442514,4.732729057051957
Deaths,Europe & Central Asia - WB,Both,75 plus,Malaria,Number,2003,2.75144321404999,4.419197177680581,1.9380180600961485
Deaths,Middle East & North Africa - WB,Both,Under 5,Malaria,Number,2003,197.75409658133898,442.8803157505543,63.50330250190331
Deaths,Middle East & North Africa - WB,Both,5-14 years,Malaria,Number,2003,78.49833115597885,173.94040329807535,24.497491881551333
Deaths,Middle East & North Africa - WB,Both,15-49 years,Malaria,Number,2003,3441.4047006043966,6748.670486130251,1180.497923236411
Deaths,Middle East & North Africa - WB,Both,50 to 74 years,Malaria,Number,2003,936.4201603768122,2025.7077322539938,273.6508449004981
Deaths,Middle East & North Africa - WB,Both,75 plus,Malaria,Number,2003,120.94017321958084,268.48610727695046,33.03530659266021
Deaths,East Asia & Pacific - WB,Both,Under 5,Malaria,Number,2004,2782.8173805069346,5989.43848085332,1100.3578800322425
Deaths,East Asia & Pacific - WB,Both,5-14 years,Malaria,Number,2004,1130.7683431668845,2356.0667544911394,467.05262870218974
Deaths,East Asia & Pacific - WB,Both,15-49 years,Malaria,Number,2004,6152.248483545392,12429.569857954155,2638.9454504128294
Deaths,East Asia & Pacific - WB,Both,50 to 74 years,Malaria,Number,2004,3199.456417963799,6442.064841882872,1320.5233668470141
Deaths,East Asia & Pacific - WB,Both,75 plus,Malaria,Number,2004,246.1353744141832,503.2462414102239,99.5721710219888
Deaths,Latin America & Caribbean - WB,Both,Under 5,Malaria,Number,2004,421.78943715120664,784.680811000892,160.91582647602888
Deaths,Latin America & Caribbean - WB,Both,5-14 years,Malaria,Number,2004,276.94505498939805,502.4058264288145,106.57355337899078
Deaths,Latin America & Caribbean - WB,Both,15-49 years,Malaria,Number,2004,1013.7812406540282,1873.0084993879298,426.25573518407214
Deaths,Latin America & Caribbean - WB,Both,50 to 74 years,Malaria,Number,2004,377.85155507619453,708.4526717692215,156.68026585259696
Deaths,Latin America & Caribbean - WB,Both,75 plus,Malaria,Number,2004,33.123402248795536,61.550349495291215,14.788780961760121
Deaths,Sub-Saharan Africa - WB,Both,Under 5,Malaria,Number,2004,592486.0141365196,934221.8810268625,302433.7966953399
Deaths,Sub-Saharan Africa - WB,Both,5-14 years,Malaria,Number,2004,34795.46989160424,56608.495247976425,16756.289828678808
Deaths,Sub-Saharan Africa - WB,Both,15-49 years,Malaria,Number,2004,95351.57594588803,158420.0872052942,46156.14567947722
Deaths,Sub-Saharan Africa - WB,Both,50 to 74 years,Malaria,Number,2004,112355.10931607395,183142.00711747358,55621.7434617561
Deaths,Sub-Saharan Africa - WB,Both,75 plus,Malaria,Number,2004,13289.471595876847,19961.21740402214,7239.595460367781
Deaths,South Asia - WB,Both,Under 5,Malaria,Number,2004,35284.55320367004,62414.15218610521,16094.11138845474
Deaths,South Asia - WB,Both,5-14 years,Malaria,Number,2004,27358.54774270811,43729.80445073747,14903.538983782038
Deaths,South Asia - WB,Both,15-49 years,Malaria,Number,2004,17423.03054548518,28132.360129910812,8942.440413853526
Deaths,South Asia - WB,Both,50 to 74 years,Malaria,Number,2004,11356.513671739782,18643.344283036833,5737.54876909728
Deaths,South Asia - WB,Both,75 plus,Malaria,Number,2004,1202.991565004141,2064.1567672807178,592.0436755673578
Deaths,North America,Both,Under 5,Malaria,Number,2004,0.0,0.0,0.0
Deaths,North America,Both,5-14 years,Malaria,Number,2004,0.0,0.0,0.0
Deaths,North America,Both,15-49 years,Malaria,Number,2004,0.0,0.0,0.0
Deaths,North America,Both,50 to 74 years,Malaria,Number,2004,0.0,0.0,0.0
Deaths,North America,Both,75 plus,Malaria,Number,2004,0.0,0.0,0.0
Deaths,Latin America & Caribbean - WB,Both,Under 5,Malaria,Number,2001,1049.065866875329,1976.8110619112886,415.4269995644092
Deaths,Latin America & Caribbean - WB,Both,5-14 years,Malaria,Number,2001,701.2097707217376,1291.2023249077215,284.4354066576809
Deaths,Latin America & Caribbean - WB,Both,15-49 years,Malaria,Number,2001,1818.7280644044554,3448.885883194591,744.9527285965121
Deaths,Latin America & Caribbean - WB,Both,50 to 74 years,Malaria,Number,2001,669.6292161181706,1306.2383196066783,266.0388023136783
Deaths,Latin America & Caribbean - WB,Both,75 plus,Malaria,Number,2001,59.83065047628456,116.2814070269825,25.23960349117643
Deaths,Europe & Central Asia - WB,Both,Under 5,Malaria,Number,2002,46.41452459126373,139.99723762704735,15.879795488878736
Deaths,Europe & Central Asia - WB,Both,5-14 years,Malaria,Number,2002,2.9258124708025397,10.403868469550574,0.7922066214732968
Deaths,Europe & Central Asia - WB,Both,15-49 years,Malaria,Number,2002,31.01277980800021,101.42470607809283,10.480770446843774
Deaths,Europe & Central Asia - WB,Both,50 to 74 years,Malaria,Number,2002,11.944645245410864,35.563284269672415,5.19509640517673
Deaths,Europe & Central Asia - WB,Both,75 plus,Malaria,Number,2002,2.533823563442922,3.835485664741085,1.8522671443355427
Deaths,South Asia - WB,Both,Under 5,Malaria,Number,2001,34263.087980278455,58111.15879169689,17191.75549053734
Deaths,South Asia - WB,Both,5-14 years,Malaria,Number,2001,28999.276501471126,46367.88787162571,15509.001011039294
Deaths,South Asia - WB,Both,15-49 years,Malaria,Number,2001,14086.629274069892,23609.00404083945,7337.56482013457
Deaths,South Asia - WB,Both,50 to 74 years,Malaria,Number,2001,10032.141274399588,17112.682482420572,5270.2543318009175
Deaths,South Asia - WB,Both,75 plus,Malaria,Number,2001,942.838781395166,1622.7311379902271,491.26498746761564
Deaths,Middle East & North Africa - WB,Both,Under 5,Malaria,Number,2002,181.14333332115672,464.90004629610996,45.89959983270759
Deaths,Middle East & North Africa - WB,Both,5-14 years,Malaria,Number,2002,69.63940144324714,177.01686451208624,18.468098040415974
Deaths,Middle East & North Africa - WB,Both,15-49 years,Malaria,Number,2002,3586.611589180636,7359.644467716239,1257.212060803734
Deaths,Middle East & North Africa - WB,Both,50 to 74 years,Malaria,Number,2002,960.3760853687544,2340.713652669511,266.910956073057
Deaths,Middle East & North Africa - WB,Both,75 plus,Malaria,Number,2002,51.17156459139621,129.47549659537248,14.415184920240689
Deaths,Middle East & North Africa - WB,Both,Under 5,Malaria,Number,2005,128.28136539723957,297.2042269682815,35.36201956556065
Deaths,Middle East & North Africa - WB,Both,5-14 years,Malaria,Number,2005,53.840188563249285,119.94588359315004,15.495610562614035
Deaths,Middle East & North Africa - WB,Both,15-49 years,Malaria,Number,2005,3021.1835404805984,5735.177466552369,1002.9688198336898
Deaths,Middle East & North Africa - WB,Both,50 to 74 years,Malaria,Number,2005,822.4004510986796,1799.4689382261315,225.36478144138576
Deaths,Middle East & North Africa - WB,Both,75 plus,Malaria,Number,2005,113.26266293991291,249.86573298171163,30.36140991886511
Deaths,Europe & Central Asia - WB,Both,Under 5,Malaria,Number,2005,72.59395856184967,190.54778310147185,30.006974990792
Deaths,Europe & Central Asia - WB,Both,5-14 years,Malaria,Number,2005,1.4540521915455364,4.469959555503224,0.5355110099405153
Deaths,Europe & Central Asia - WB,Both,15-49 years,Malaria,Number,2005,41.43749606567942,131.9574398007602,12.513628611253065
Deaths,Europe & Central Asia - WB,Both,50 to 74 years,Malaria,Number,2005,17.551572020839835,54.24441555474179,6.0247385012036805
Deaths,Europe & Central Asia - WB,Both,75 plus,Malaria,Number,2005,4.188638469971579,9.95017297177065,2.212314200034309
Deaths,East Asia & Pacific - WB,Both,Under 5,Malaria,Number,2003,2791.708783969896,6293.383946937187,1160.4491326669363
Deaths,East Asia & Pacific - WB,Both,5-14 years,Malaria,Number,2003,1147.0611218357294,2510.0082173702226,505.38620130575026
Deaths,East Asia & Pacific - WB,Both,15-49 years,Malaria,Number,2003,5762.3580743083985,12326.472890571025,2590.0388335348657
Deaths,East Asia & Pacific - WB,Both,50 to 74 years,Malaria,Number,2003,2890.1321203408565,6472.274375097331,1314.5296110495008
Deaths,East Asia & Pacific - WB,Both,75 plus,Malaria,Number,2003,199.91920199826077,458.0413376237793,88.84635857034675
Deaths,North America,Both,Under 5,Malaria,Number,2003,0.0,0.0,0.0
Deaths,North America,Both,5-14 years,Malaria,Number,2003,0.0,0.0,0.0
Deaths,North America,Both,15-49 years,Malaria,Number,2003,0.0,0.0,0.0
Deaths,North America,Both,50 to 74 years,Malaria,Number,2003,0.0,0.0,0.0
Deaths,North America,Both,75 plus,Malaria,Number,2003,0.0,0.0,0.0
Deaths,Sub-Saharan Africa - WB,Both,Under 5,Malaria,Number,2003,590116.1810096909,943693.141897535,294440.1247399147
Deaths,Sub-Saharan Africa - WB,Both,5-14 years,Malaria,Number,2003,34502.280916822354,55718.75426115309,16783.284082921753
Deaths,Sub-Saharan Africa - WB,Both,15-49 years,Malaria,Number,2003,94330.13140619769,156325.7609094869,45347.347625496215
Deaths,Sub-Saharan Africa - WB,Both,50 to 74 years,Malaria,Number,2003,111423.81866482378,182039.97009950058,54000.84311491987
Deaths,Sub-Saharan Africa - WB,Both,75 plus,Malaria,Number,2003,13055.23132860327,19765.864270614726,6961.055229240654
Deaths,Latin America & Caribbean - WB,Both,Under 5,Malaria,Number,2006,479.0502410592072,929.7779597800377,191.9013792430548
Deaths,Latin America & Caribbean - WB,Both,5-14 years,Malaria,Number,2006,298.69603967422063,546.4689438202712,127.39514198847726
Deaths,Latin America & Caribbean - WB,Both,15-49 years,Malaria,Number,2006,1299.6372283730786,2474.4907111247508,562.5048225873813
Deaths,Latin America & Caribbean - WB,Both,50 to 74 years,Malaria,Number,2006,481.45000337592177,956.5163591736542,198.99232559768865
Deaths,Latin America & Caribbean - WB,Both,75 plus,Malaria,Number,2006,17.790209064781823,34.9908158725656,8.175400622573237
Deaths,East Asia & Pacific - WB,Both,Under 5,Malaria,Number,2006,3350.119584644023,6828.170341995077,1375.0377158213744
Deaths,East Asia & Pacific - WB,Both,5-14 years,Malaria,Number,2006,1397.926843224174,2686.221182477224,587.0454751705987
Deaths,East Asia & Pacific - WB,Both,15-49 years,Malaria,Number,2006,7675.93704634727,14555.28151284494,3312.762934163747
Deaths,East Asia & Pacific - WB,Both,50 to 74 years,Malaria,Number,2006,4170.63912762105,8132.072824191269,1792.4863641118693
Deaths,East Asia & Pacific - WB,Both,75 plus,Malaria,Number,2006,133.8999285852059,256.69388300715343,57.98279809755281
Deaths,Sub-Saharan Africa - WB,Both,Under 5,Malaria,Number,2006,577653.8920889259,913635.8288886846,309568.06925567123
Deaths,Sub-Saharan Africa - WB,Both,5-14 years,Malaria,Number,2006,35190.21734830964,57677.17149721436,18125.78020077438
Deaths,Sub-Saharan Africa - WB,Both,15-49 years,Malaria,Number,2006,100648.61507186625,167394.977470296,51645.07337525258
Deaths,Sub-Saharan Africa - WB,Both,50 to 74 years,Malaria,Number,2006,119041.3007586137,196436.53589744025,62916.33590084102
Deaths,Sub-Saharan Africa - WB,Both,75 plus,Malaria,Number,2006,7386.399113856253,13147.89681865198,3509.310307398018
Deaths,South Asia - WB,Both,Under 5,Malaria,Number,2006,30910.024444703107,56571.82896162546,16341.550457056284
Deaths,South Asia - WB,Both,5-14 years,Malaria,Number,2006,23394.31867129913,39516.89959121992,13115.761331269128
Deaths,South Asia - WB,Both,15-49 years,Malaria,Number,2006,14078.771341356602,25951.536113317045,6863.525253180832
Deaths,South Asia - WB,Both,50 to 74 years,Malaria,Number,2006,9865.436031708106,18604.22543763494,4666.104458479927
Deaths,South Asia - WB,Both,75 plus,Malaria,Number,2006,433.85567089387985,809.7002785061325,206.22879290634793
Deaths,North America,Both,Under 5,Malaria,Number,2006,0.0,0.0,0.0
Deaths,North America,Both,5-14 years,Malaria,Number,2006,0.0,0.0,0.0
Deaths,North America,Both,15-49 years,Malaria,Number,2006,0.0,0.0,0.0
Deaths,North America,Both,50 to 74 years,Malaria,Number,2006,0.0,0.0,0.0
Deaths,North America,Both,75 plus,Malaria,Number,2006,0.0,0.0,0.0
Deaths,Europe & Central Asia - WB,Both,Under 5,Malaria,Number,2000,62.796546463898466,173.93058767408408,19.66150450606078
Deaths,Europe & Central Asia - WB,Both,5-14 years,Malaria,Number,2000,4.788680989807892,16.39322059687415,1.153714313647317
Deaths,Europe & Central Asia - WB,Both,15-49 years,Malaria,Number,2000,34.09545954247461,102.28590117685953,12.221947540992776
Deaths,Europe & Central Asia - WB,Both,50 to 74 years,Malaria,Number,2000,12.33484795917015,33.851209831773836,5.567626490532739
Deaths,Europe & Central Asia - WB,Both,75 plus,Malaria,Number,2000,2.313141813134461,3.4287178941241567,1.6977484116824821
Deaths,Europe & Central Asia - WB,Both,Under 5,Malaria,Number,2007,14.907977564441882,39.429504440459894,6.0963868200819205
Deaths,Europe & Central Asia - WB,Both,5-14 years,Malaria,Number,2007,0.39838760708901894,0.7208434987485758,0.271738644926099
Deaths,Europe & Central Asia - WB,Both,15-49 years,Malaria,Number,2007,11.12306955800801,24.70624486951063,5.907482406817764
Deaths,Europe & Central Asia - WB,Both,50 to 74 years,Malaria,Number,2007,5.888936339329977,12.512488060271558,3.2830997224666234
Deaths,Europe & Central Asia - WB,Both,75 plus,Malaria,Number,2007,2.2186685407079825,3.566839084168532,1.5837244919805165
Deaths,Middle East & North Africa - WB,Both,Under 5,Malaria,Number,2007,103.09514035553921,241.7636915523966,27.64630652580145
Deaths,Middle East & North Africa - WB,Both,5-14 years,Malaria,Number,2007,42.7084769504328,92.67351338708542,11.063878331778932
Deaths,Middle East & North Africa - WB,Both,15-49 years,Malaria,Number,2007,2707.864348140517,5185.585088585822,847.9726400519033
Deaths,Middle East & North Africa - WB,Both,50 to 74 years,Malaria,Number,2007,724.9429200445882,1521.378092215003,205.59142600502616
Deaths,Middle East & North Africa - WB,Both,75 plus,Malaria,Number,2007,102.93202083667613,227.3081061594493,29.26496716301325
Deaths,East Asia & Pacific - WB,Both,Under 5,Malaria,Number,2001,2078.104180789162,4931.3791319505235,819.81061173818
Deaths,East Asia & Pacific - WB,Both,5-14 years,Malaria,Number,2001,867.0408197295578,1991.6458151331838,360.54743263230984
Deaths,East Asia & Pacific - WB,Both,15-49 years,Malaria,Number,2001,4637.155659260873,10374.549032538946,2088.5477528397128
Deaths,East Asia & Pacific - WB,Both,50 to 74 years,Malaria,Number,2001,2217.330027879977,5033.244441542311,968.574092229897
Deaths,East Asia & Pacific - WB,Both,75 plus,Malaria,Number,2001,166.43742955886637,368.64486169709187,70.50633444936531
Deaths,Middle East & North Africa - WB,Both,Under 5,Malaria,Number,2000,235.9414995951098,616.2053638190399,54.8254694711488
Deaths,Middle East & North Africa - WB,Both,5-14 years,Malaria,Number,2000,88.48553556343369,233.55481774314288,22.080675804285264
Deaths,Middle East & North Africa - WB,Both,15-49 years,Malaria,Number,2000,4006.916782385926,8040.150887536447,1377.581108435994
Deaths,Middle East & North Africa - WB,Both,50 to 74 years,Malaria,Number,2000,1003.4869464534968,2470.470564143657,256.8419966429091
Deaths,Middle East & North Africa - WB,Both,75 plus,Malaria,Number,2000,50.54844762660637,127.1258994404927,12.760271362065572
Deaths,North America,Both,Under 5,Malaria,Number,2001,0.0,0.0,0.0
Deaths,North America,Both,5-14 years,Malaria,Number,2001,0.0,0.0,0.0
Deaths,North America,Both,15-49 years,Malaria,Number,2001,0.0,0.0,0.0
Deaths,North America,Both,50 to 74 years,Malaria,Number,2001,0.0,0.0,0.0
Deaths,North America,Both,75 plus,Malaria,Number,2001,0.0,0.0,0.0
Deaths,Sub-Saharan Africa - WB,Both,Under 5,Malaria,Number,2001,569720.997155919,934208.8224449339,286879.8990217223
Deaths,Sub-Saharan Africa - WB,Both,5-14 years,Malaria,Number,2001,31826.550884515542,53500.69903279288,15071.925256014703
Deaths,Sub-Saharan Africa - WB,Both,15-49 years,Malaria,Number,2001,87348.80846964761,151707.01645448068,40116.774299361685
Deaths,Sub-Saharan Africa - WB,Both,50 to 74 years,Malaria,Number,2001,103525.30230750318,179266.39999087463,48463.79273568936
Deaths,Sub-Saharan Africa - WB,Both,75 plus,Malaria,Number,2001,12189.051904989026,19498.51586519682,6173.3415229039665
Deaths,Latin America & Caribbean - WB,Both,Under 5,Malaria,Number,2005,463.459875098996,849.4108429934662,177.83194625008167
Deaths,Latin America & Caribbean - WB,Both,5-14 years,Malaria,Number,2005,295.29023539464544,526.7509708209765,119.83540391764294
Deaths,Latin America & Caribbean - WB,Both,15-49 years,Malaria,Number,2005,1215.285146919795,2253.634748567608,505.0789561719806
Deaths,Latin America & Caribbean - WB,Both,50 to 74 years,Malaria,Number,2005,449.9862629694775,842.3853440284249,181.8554484212242
Deaths,Latin America & Caribbean - WB,Both,75 plus,Malaria,Number,2005,37.51332612913628,70.51844256329254,15.932154326761946
Deaths,South Asia - WB,Both,Under 5,Malaria,Number,2005,31377.76058488007,52887.848252658296,17136.684901030687
Deaths,South Asia - WB,Both,5-14 years,Malaria,Number,2005,25677.496700216645,41751.13028670857,15129.77806876302
Deaths,South Asia - WB,Both,15-49 years,Malaria,Number,2005,14730.111201237503,25855.63053775802,7976.290705449967
Deaths,South Asia - WB,Both,50 to 74 years,Malaria,Number,2005,9681.087099740658,17427.394241366903,5176.965443616937
Deaths,South Asia - WB,Both,75 plus,Malaria,Number,2005,1010.7581219792698,1818.2946667086226,533.7494320412131
Deaths,East Asia & Pacific - WB,Both,Under 5,Malaria,Number,2008,4208.147228664519,8264.093024056821,1672.9324182529092
Deaths,East Asia & Pacific - WB,Both,5-14 years,Malaria,Number,2008,1821.7103221565287,3401.664510526484,744.1785673126999
Deaths,East Asia & Pacific - WB,Both,15-49 years,Malaria,Number,2008,8753.718307169645,16582.916337551498,3748.719602887143
Deaths,East Asia & Pacific - WB,Both,50 to 74 years,Malaria,Number,2008,5294.619173323294,10677.19760446666,2152.8781752995883
Deaths,East Asia & Pacific - WB,Both,75 plus,Malaria,Number,2008,148.85909624838644,294.8569289702796,61.821451136020464
Deaths,Latin America & Caribbean - WB,Both,Under 5,Malaria,Number,2008,322.90670198022093,647.8694946302046,143.09648633480896
Deaths,Latin America & Caribbean - WB,Both,5-14 years,Malaria,Number,2008,198.14674817210198,380.68598110667745,96.25034535772927
Deaths,Latin America & Caribbean - WB,Both,15-49 years,Malaria,Number,2008,1014.8579493704403,1976.7420137736242,472.79696509612097
Deaths,Latin America & Caribbean - WB,Both,50 to 74 years,Malaria,Number,2008,376.1943321948836,756.1745269425937,172.30298492589515
Deaths,Latin America & Caribbean - WB,Both,75 plus,Malaria,Number,2008,14.363435596089127,27.802245438325873,7.05364895635056
Deaths,South Asia - WB,Both,Under 5,Malaria,Number,2008,25519.41007979083,47162.20268899984,13484.555768027398
Deaths,South Asia - WB,Both,5-14 years,Malaria,Number,2008,20259.115130440186,33901.41334714373,11519.917878883216
Deaths,South Asia - WB,Both,15-49 years,Malaria,Number,2008,15181.351758629382,26937.394828550787,7554.121189432784
Deaths,South Asia - WB,Both,50 to 74 years,Malaria,Number,2008,10610.772131724183,20040.16270632915,5013.047689171412
Deaths,South Asia - WB,Both,75 plus,Malaria,Number,2008,497.0152238061539,998.0089288455974,228.49497756468548
Deaths,Sub-Saharan Africa - WB,Both,Under 5,Malaria,Number,2008,565533.5396652573,873020.481405628,317915.00938278245
Deaths,Sub-Saharan Africa - WB,Both,5-14 years,Malaria,Number,2008,35291.03941724099,57837.10313459453,18986.698474666544
Deaths,Sub-Saharan Africa - WB,Both,15-49 years,Malaria,Number,2008,103535.91585303738,172115.90544220735,55251.42248563467
Deaths,Sub-Saharan Africa - WB,Both,50 to 74 years,Malaria,Number,2008,124029.19527801675,200935.93015494384,66257.01128145929
Deaths,Sub-Saharan Africa - WB,Both,75 plus,Malaria,Number,2008,7870.70767352726,13953.544025538798,3799.426055324335
Deaths,North America,Both,Under 5,Malaria,Number,2008,0.0,0.0,0.0
Deaths,North America,Both,5-14 years,Malaria,Number,2008,0.0,0.0,0.0
Deaths,North America,Both,15-49 years,Malaria,Number,2008,0.0,0.0,0.0
Deaths,North America,Both,50 to 74 years,Malaria,Number,2008,0.0,0.0,0.0
Deaths,North America,Both,75 plus,Malaria,Number,2008,0.0,0.0,0.0
Deaths,Middle East & North Africa - WB,Both,Under 5,Malaria,Number,2006,123.2867988916622,256.51578676760323,41.23144812900212
Deaths,Middle East & North Africa - WB,Both,5-14 years,Malaria,Number,2006,46.38983581870221,98.51529306258773,14.70565064614739
Deaths,Middle East & North Africa - WB,Both,15-49 years,Malaria,Number,2006,2801.109506783927,5479.468616525093,989.2003831710795
Deaths,Middle East & North Africa - WB,Both,50 to 74 years,Malaria,Number,2006,760.4530223214672,1739.8070784577474,240.90272853506983
Deaths,Middle East & North Africa - WB,Both,75 plus,Malaria,Number,2006,43.124609736396685,99.19373687947419,13.470406306743918
Deaths,Europe & Central Asia - WB,Both,Under 5,Malaria,Number,2006,32.974023858289954,88.6325982189438,14.222162122132131
Deaths,Europe & Central Asia - WB,Both,5-14 years,Malaria,Number,2006,0.6614865144976229,1.623598437488459,0.3477958296389369
Deaths,Europe & Central Asia - WB,Both,15-49 years,Malaria,Number,2006,20.753733010682584,59.28015349871958,8.22743385112855
Deaths,Europe & Central Asia - WB,Both,50 to 74 years,Malaria,Number,2006,9.752174913642444,26.2263026509757,4.195162161591076
Deaths,Europe & Central Asia - WB,Both,75 plus,Malaria,Number,2006,2.2612436442044435,3.4809179421731717,1.6314106507175494
Deaths,Europe & Central Asia - WB,Both,Under 5,Malaria,Number,2009,0.03745851742736162,0.059215576335270026,0.02658921271537593
Deaths,Europe & Central Asia - WB,Both,5-14 years,Malaria,Number,2009,0.03601007947390603,0.04283134297655834,0.030062530800373532
Deaths,Europe & Central Asia - WB,Both,15-49 years,Malaria,Number,2009,0.886700172727924,1.0304578442850143,0.7688354941145584
Deaths,Europe & Central Asia - WB,Both,50 to 74 years,Malaria,Number,2009,0.42964483316186614,0.4824207758496692,0.3825685820125994
Deaths,Europe & Central Asia - WB,Both,75 plus,Malaria,Number,2009,0.24377557899318755,0.30232818998887584,0.19717275410895152
Deaths,East Asia & Pacific - WB,Both,Under 5,Malaria,Number,2007,3548.6491672016364,7055.068904497142,1446.0642106928133
Deaths,East Asia & Pacific - WB,Both,5-14 years,Malaria,Number,2007,1530.7519498773931,2871.914482338089,638.5593684889873
Deaths,East Asia & Pacific - WB,Both,15-49 years,Malaria,Number,2007,7766.311180150546,14050.008632793248,3318.523374853926
Deaths,East Asia & Pacific - WB,Both,50 to 74 years,Malaria,Number,2007,4270.990741288202,8118.869494553402,1768.5027743232652
Deaths,East Asia & Pacific - WB,Both,75 plus,Malaria,Number,2007,299.4131451525695,562.6389669887826,124.62398382832436
Deaths,Middle East & North Africa - WB,Both,Under 5,Malaria,Number,2009,86.90575108335055,193.16243378208253,26.404800340042335
Deaths,Middle East & North Africa - WB,Both,5-14 years,Malaria,Number,2009,32.751482930432715,75.14898534072573,10.078730714714572
Deaths,Middle East & North Africa - WB,Both,15-49 years,Malaria,Number,2009,2201.6550055088433,4533.602364829615,719.9381625358799
Deaths,Middle East & North Africa - WB,Both,50 to 74 years,Malaria,Number,2009,587.9801947049564,1343.957330325474,175.3839944664643
Deaths,Middle East & North Africa - WB,Both,75 plus,Malaria,Number,2009,34.080825453576956,78.62248465351468,9.516985485413189
Deaths,Latin America & Caribbean - WB,Both,Under 5,Malaria,Number,2003,572.4645809999649,1111.5327584796376,224.71093192390313
Deaths,Latin America & Caribbean - WB,Both,5-14 years,Malaria,Number,2003,378.51940182324745,708.9627600133164,153.6791576803244
Deaths,Latin America & Caribbean - WB,Both,15-49 years,Malaria,Number,2003,1277.3231198642325,2430.912107883447,564.6681896025781
Deaths,Latin America & Caribbean - WB,Both,50 to 74 years,Malaria,Number,2003,477.11942960576005,933.6050830448229,205.39358469154067
Deaths,Latin America & Caribbean - WB,Both,75 plus,Malaria,Number,2003,41.80040404931671,80.29063881026686,18.39502012010499
Deaths,Sub-Saharan Africa - WB,Both,Under 5,Malaria,Number,2007,571480.7859659828,891215.3425078847,313560.0352761043
Deaths,Sub-Saharan Africa - WB,Both,5-14 years,Malaria,Number,2007,35656.06893032583,57981.009598387755,18853.497673392296
Deaths,Sub-Saharan Africa - WB,Both,15-49 years,Malaria,Number,2007,100008.06982199296,167245.05724343972,53230.43037145575
Deaths,Sub-Saharan Africa - WB,Both,50 to 74 years,Malaria,Number,2007,118825.18877448198,198743.7961422018,63910.43349728677
Deaths,Sub-Saharan Africa - WB,Both,75 plus,Malaria,Number,2007,14613.948050049265,22741.962127080755,8452.29786993282
Deaths,Europe & Central Asia - WB,Both,Under 5,Malaria,Number,2004,16.376128868692064,49.35265066995222,6.331949717322133
Deaths,Europe & Central Asia - WB,Both,5-14 years,Malaria,Number,2004,0.7428423137558443,1.9875366346199863,0.41177576040019986
Deaths,Europe & Central Asia - WB,Both,15-49 years,Malaria,Number,2004,14.423234772258708,40.66580131061873,7.4114732860386825
Deaths,Europe & Central Asia - WB,Both,50 to 74 years,Malaria,Number,2004,6.662525255340114,16.49552404319372,4.072046091881563
Deaths,Europe & Central Asia - WB,Both,75 plus,Malaria,Number,2004,2.4870936135123634,4.025980032692806,1.8045945470604527
Deaths,South Asia - WB,Both,Under 5,Malaria,Number,2003,37648.24390484849,71567.74926362553,16723.641309318795
Deaths,South Asia - WB,Both,5-14 years,Malaria,Number,2003,26741.352197437194,42752.860354071796,13719.656610979484
Deaths,South Asia - WB,Both,15-49 years,Malaria,Number,2003,17965.98942216479,29489.84254429367,8805.901163593811
Deaths,South Asia - WB,Both,50 to 74 years,Malaria,Number,2003,12275.545517752753,20434.53930825004,5693.207333863569
Deaths,South Asia - WB,Both,75 plus,Malaria,Number,2003,1231.0239590758065,2035.2087005541186,567.4966603553354
Deaths,Middle East & North Africa - WB,Both,Under 5,Malaria,Number,2004,134.50853141399395,324.868278325207,34.97625699410919
Deaths,Middle East & North Africa - WB,Both,5-14 years,Malaria,Number,2004,51.772837360137764,122.99524173953785,13.561029469995718
Deaths,Middle East & North Africa - WB,Both,15-49 years,Malaria,Number,2004,3072.6200599279787,6126.700402662745,980.4208657987625
Deaths,Middle East & North Africa - WB,Both,50 to 74 years,Malaria,Number,2004,833.7105376132474,1882.4593096567921,226.330075690008
Deaths,Middle East & North Africa - WB,Both,75 plus,Malaria,Number,2004,112.32374804573472,259.27022115297507,29.652727569834838
Deaths,North America,Both,Under 5,Malaria,Number,2007,0.0,0.0,0.0
Deaths,North America,Both,5-14 years,Malaria,Number,2007,0.0,0.0,0.0
Deaths,North America,Both,15-49 years,Malaria,Number,2007,0.0,0.0,0.0
Deaths,North America,Both,50 to 74 years,Malaria,Number,2007,0.0,0.0,0.0
Deaths,North America,Both,75 plus,Malaria,Number,2007,0.0,0.0,0.0
Deaths,Latin America & Caribbean - WB,Both,Under 5,Malaria,Number,2010,426.38813940220234,887.8965586754558,182.7294335505357
Deaths,Latin America & Caribbean - WB,Both,5-14 years,Malaria,Number,2010,251.1359332089652,501.37660059896825,115.70760290150287
Deaths,Latin America & Caribbean - WB,Both,15-49 years,Malaria,Number,2010,1429.200728096307,2780.612895516422,653.9880274194539
Deaths,Latin America & Caribbean - WB,Both,50 to 74 years,Malaria,Number,2010,548.3579039897029,1137.5379756758336,237.70765201798736
Deaths,Latin America & Caribbean - WB,Both,75 plus,Malaria,Number,2010,19.972850081588675,41.724729838797934,8.726487172954377
Deaths,East Asia & Pacific - WB,Both,Under 5,Malaria,Number,2010,3774.5448701301766,7199.699984343056,1638.3903083376713
Deaths,East Asia & Pacific - WB,Both,5-14 years,Malaria,Number,2010,1641.521028786528,3053.2544197176817,733.0921798035083
Deaths,East Asia & Pacific - WB,Both,15-49 years,Malaria,Number,2010,9766.22249811908,17724.950220850762,4525.338022366769
Deaths,East Asia & Pacific - WB,Both,50 to 74 years,Malaria,Number,2010,5946.468353085533,11529.986004542541,2601.7598319810686
Deaths,East Asia & Pacific - WB,Both,75 plus,Malaria,Number,2010,177.19597329487283,346.93600548690233,78.77161972404933
Deaths,Sub-Saharan Africa - WB,Both,Under 5,Malaria,Number,2010,542086.3728798218,874785.9321859465,286616.6535199133
Deaths,South Asia - WB,Both,Under 5,Malaria,Number,2010,24499.551019007813,41747.985446577615,13646.337362090979
Deaths,South Asia - WB,Both,5-14 years,Malaria,Number,2010,22479.14086856796,36987.2276710353,13211.98944771576
Deaths,South Asia - WB,Both,15-49 years,Malaria,Number,2010,15794.324933530927,29522.663415950028,8520.913701313815
Deaths,South Asia - WB,Both,50 to 74 years,Malaria,Number,2010,11207.554677378595,21341.22935816204,6070.056650866272
Deaths,South Asia - WB,Both,75 plus,Malaria,Number,2010,488.7827245878732,909.3282338339786,260.5683813667486
Deaths,Sub-Saharan Africa - WB,Both,5-14 years,Malaria,Number,2010,34711.33447366881,57488.94731390474,16999.122976218016
Deaths,Sub-Saharan Africa - WB,Both,15-49 years,Malaria,Number,2010,101121.84892092591,173661.69258114058,49255.706296792014
Deaths,Sub-Saharan Africa - WB,Both,50 to 74 years,Malaria,Number,2010,121520.3124825971,200174.49563698558,58889.40724806607
Deaths,Sub-Saharan Africa - WB,Both,75 plus,Malaria,Number,2010,7503.585735303004,13672.883716678863,3240.60909932207
Deaths,North America,Both,Under 5,Malaria,Number,2010,0.0,0.0,0.0
Deaths,North America,Both,5-14 years,Malaria,Number,2010,0.0,0.0,0.0
Deaths,North America,Both,15-49 years,Malaria,Number,2010,0.0,0.0,0.0
Deaths,North America,Both,50 to 74 years,Malaria,Number,2010,0.0,0.0,0.0
Deaths,North America,Both,75 plus,Malaria,Number,2010,0.0,0.0,0.0
Deaths,Latin America & Caribbean - WB,Both,Under 5,Malaria,Number,2009,376.82812446572495,769.2767599576101,158.9792796827651
Deaths,Latin America & Caribbean - WB,Both,5-14 years,Malaria,Number,2009,225.10561496878688,435.69266571690775,97.2046310210666
Deaths,Latin America & Caribbean - WB,Both,15-49 years,Malaria,Number,2009,1230.4274572172415,2395.6302412328128,527.615472125669
Deaths,Latin America & Caribbean - WB,Both,50 to 74 years,Malaria,Number,2009,462.59696678467594,944.8343159602489,189.21825918499326
Deaths,Latin America & Caribbean - WB,Both,75 plus,Malaria,Number,2009,17.514734391341126,34.46699696521723,7.96673342601274
Deaths,Europe & Central Asia - WB,Both,Under 5,Malaria,Number,2011,0.01663941336116945,0.02447519413100053,0.011484405639258299
Deaths,Europe & Central Asia - WB,Both,5-14 years,Malaria,Number,2011,0.019620042694531256,0.02423075378572702,0.015395320521428816
Deaths,Europe & Central Asia - WB,Both,15-49 years,Malaria,Number,2011,0.45167770170985283,0.5379327294242912,0.38180585262947003
Deaths,Europe & Central Asia - WB,Both,50 to 74 years,Malaria,Number,2011,0.2564271955825202,0.29770665445945893,0.22332241093012645
Deaths,Europe & Central Asia - WB,Both,75 plus,Malaria,Number,2011,0.14876680715502055,0.1917162979418802,0.11851494288416303
Deaths,Middle East & North Africa - WB,Both,Under 5,Malaria,Number,2011,90.27405960567354,233.0158948084994,20.336001909734357
Deaths,Middle East & North Africa - WB,Both,5-14 years,Malaria,Number,2011,41.00604999537573,104.0719660881993,9.58179404195564
Deaths,Middle East & North Africa - WB,Both,15-49 years,Malaria,Number,2011,3010.3671972739717,6356.002966105498,873.4953850134834
Deaths,Middle East & North Africa - WB,Both,50 to 74 years,Malaria,Number,2011,865.9586009778225,2118.8556908601945,203.25295393034696
Deaths,Middle East & North Africa - WB,Both,75 plus,Malaria,Number,2011,51.49168274751597,129.06079707253824,11.487953373182956
Deaths,East Asia & Pacific - WB,Both,Under 5,Malaria,Number,2005,2921.156544248753,6238.921042238181,1183.936666279272
Deaths,East Asia & Pacific - WB,Both,5-14 years,Malaria,Number,2005,1193.1858810484514,2533.7338861896606,488.91767706241166
Deaths,East Asia & Pacific - WB,Both,15-49 years,Malaria,Number,2005,6000.128046412259,12214.001182117714,2563.6116611294597
Deaths,East Asia & Pacific - WB,Both,50 to 74 years,Malaria,Number,2005,3110.6083181548024,6741.740588928893,1312.6307511236719
Deaths,East Asia & Pacific - WB,Both,75 plus,Malaria,Number,2005,210.79838796754728,449.4199268419198,88.93172175006434
Deaths,South Asia - WB,Both,Under 5,Malaria,Number,2009,23766.344904300375,40911.34466587148,13505.891243448148
Deaths,South Asia - WB,Both,5-14 years,Malaria,Number,2009,19996.856149666943,32263.479462509284,11924.035120139575
Deaths,South Asia - WB,Both,15-49 years,Malaria,Number,2009,13849.551131979211,23300.481397303643,7128.708300143745
Deaths,South Asia - WB,Both,50 to 74 years,Malaria,Number,2009,9896.324686400292,17087.815150039412,5133.903212876795
Deaths,South Asia - WB,Both,75 plus,Malaria,Number,2009,445.82421460387087,797.861593818968,230.12306261679564
Deaths,Sub-Saharan Africa - WB,Both,Under 5,Malaria,Number,2005,579048.0796325116,917188.8750543493,301502.1616620189
Deaths,Sub-Saharan Africa - WB,Both,5-14 years,Malaria,Number,2005,34461.19648826502,56433.936547422774,17602.048407161434
Deaths,Sub-Saharan Africa - WB,Both,15-49 years,Malaria,Number,2005,96597.6330013285,163907.9781997678,49014.87960682979
Deaths,Sub-Saharan Africa - WB,Both,50 to 74 years,Malaria,Number,2005,114109.76131821501,190321.6643747695,58849.41555527098
Deaths,Sub-Saharan Africa - WB,Both,75 plus,Malaria,Number,2005,13674.935731250174,21012.65755322935,7702.4253225998345
Deaths,Europe & Central Asia - WB,Both,Under 5,Malaria,Number,2010,0.017624223528513144,0.02525096251689413,0.01216011116341464
Deaths,Europe & Central Asia - WB,Both,5-14 years,Malaria,Number,2010,0.021666059419819805,0.026504858569758042,0.017469690890081404
Deaths,Europe & Central Asia - WB,Both,15-49 years,Malaria,Number,2010,0.4752457816075148,0.5602757330099231,0.4037432007687009
Deaths,Europe & Central Asia - WB,Both,50 to 74 years,Malaria,Number,2010,0.2697649229599131,0.312655827801496,0.23614091441870463
Deaths,Europe & Central Asia - WB,Both,75 plus,Malaria,Number,2010,0.15175987812173558,0.19498858536630193,0.12043666755141808
Deaths,Middle East & North Africa - WB,Both,Under 5,Malaria,Number,2010,108.5114708431553,271.4588064103948,26.61462695233702
Deaths,Middle East & North Africa - WB,Both,5-14 years,Malaria,Number,2010,47.74594388521066,127.64597049573892,11.629782915250967
Deaths,Middle East & North Africa - WB,Both,15-49 years,Malaria,Number,2010,3278.868006173555,7044.142744090334,985.7276760293938
Deaths,Middle East & North Africa - WB,Both,50 to 74 years,Malaria,Number,2010,931.6960390774145,2412.975279701466,242.6447790871798
Deaths,Middle East & North Africa - WB,Both,75 plus,Malaria,Number,2010,55.367421680572235,144.75839431484013,13.692875191233421
Deaths,East Asia & Pacific - WB,Both,Under 5,Malaria,Number,2011,2979.8917022031223,6016.220162075405,1193.5554659282236
Deaths,East Asia & Pacific - WB,Both,5-14 years,Malaria,Number,2011,1263.7858473626682,2498.0552273007556,527.2169871168721
Deaths,East Asia & Pacific - WB,Both,15-49 years,Malaria,Number,2011,8129.434118572403,15139.998693188443,3514.7235683873632
Deaths,East Asia & Pacific - WB,Both,50 to 74 years,Malaria,Number,2011,5003.176858198192,9803.274071432565,2059.958324752322
Deaths,East Asia & Pacific - WB,Both,75 plus,Malaria,Number,2011,154.33912159631868,296.97666348341954,65.66819382434865
Deaths,East Asia & Pacific - WB,Both,Under 5,Malaria,Number,2012,2717.489468834346,5361.772356288399,1060.8590065790568
Deaths,East Asia & Pacific - WB,Both,5-14 years,Malaria,Number,2012,1151.095476387032,2287.378148398233,461.32862309962053
Deaths,East Asia & Pacific - WB,Both,15-49 years,Malaria,Number,2012,7078.1736530145745,13184.622812212914,2987.259616133113
Deaths,East Asia & Pacific - WB,Both,50 to 74 years,Malaria,Number,2012,4532.220747917178,8868.589570015998,1785.0845172090471
Deaths,East Asia & Pacific - WB,Both,75 plus,Malaria,Number,2012,122.16070365578967,236.6798182283211,51.12310355618524
Deaths,Latin America & Caribbean - WB,Both,Under 5,Malaria,Number,2012,234.08176255650716,465.6889142355104,102.40073353239845
Deaths,Latin America & Caribbean - WB,Both,5-14 years,Malaria,Number,2012,141.00136240704808,277.0340128041793,63.166428575072274
Deaths,Latin America & Caribbean - WB,Both,15-49 years,Malaria,Number,2012,832.8876590447537,1629.4425837692709,374.99693279630816
Deaths,Latin America & Caribbean - WB,Both,50 to 74 years,Malaria,Number,2012,317.2490668526657,619.7081958661065,137.71060468688344
Deaths,Latin America & Caribbean - WB,Both,75 plus,Malaria,Number,2012,11.160564653152163,22.006329141573065,5.001586543141502
Deaths,Sub-Saharan Africa - WB,Both,Under 5,Malaria,Number,2012,487445.94853109645,804701.5095065092,240272.53838533285
Deaths,Sub-Saharan Africa - WB,Both,5-14 years,Malaria,Number,2012,31533.56734994156,54234.16349339364,14138.639609066095
Deaths,Sub-Saharan Africa - WB,Both,15-49 years,Malaria,Number,2012,92534.77423473621,161246.42544707048,40214.20496097827
Deaths,Sub-Saharan Africa - WB,Both,50 to 74 years,Malaria,Number,2012,112745.9079848861,195089.5230092109,49613.95080200796
Deaths,Sub-Saharan Africa - WB,Both,75 plus,Malaria,Number,2012,6653.893817005828,12723.14864065604,2609.7258656030394
Deaths,South Asia - WB,Both,Under 5,Malaria,Number,2012,18611.428570851247,31819.78027647776,10330.944154162935
Deaths,South Asia - WB,Both,5-14 years,Malaria,Number,2012,16380.768547501903,26508.227562983637,9496.348375035292
Deaths,South Asia - WB,Both,15-49 years,Malaria,Number,2012,10304.336000570125,18033.98113151566,5403.692663688352
Deaths,South Asia - WB,Both,50 to 74 years,Malaria,Number,2012,8100.789055111102,14585.4404974885,4302.275663193374
Deaths,South Asia - WB,Both,75 plus,Malaria,Number,2012,320.8184543533496,576.3094178441333,171.87391069436097
Deaths,North America,Both,Under 5,Malaria,Number,2005,0.0,0.0,0.0
Deaths,North America,Both,5-14 years,Malaria,Number,2005,0.0,0.0,0.0
Deaths,North America,Both,15-49 years,Malaria,Number,2005,0.0,0.0,0.0
Deaths,North America,Both,50 to 74 years,Malaria,Number,2005,0.0,0.0,0.0
Deaths,North America,Both,75 plus,Malaria,Number,2005,0.0,0.0,0.0
Deaths,North America,Both,Under 5,Malaria,Number,2012,0.0,0.0,0.0
Deaths,North America,Both,5-14 years,Malaria,Number,2012,0.0,0.0,0.0
Deaths,North America,Both,15-49 years,Malaria,Number,2012,0.0,0.0,0.0
Deaths,North America,Both,50 to 74 years,Malaria,Number,2012,0.0,0.0,0.0
Deaths,North America,Both,75 plus,Malaria,Number,2012,0.0,0.0,0.0
Deaths,North America,Both,Under 5,Malaria,Number,2011,0.0,0.0,0.0
Deaths,North America,Both,5-14 years,Malaria,Number,2011,0.0,0.0,0.0
Deaths,North America,Both,15-49 years,Malaria,Number,2011,0.0,0.0,0.0
Deaths,North America,Both,50 to 74 years,Malaria,Number,2011,0.0,0.0,0.0
Deaths,North America,Both,75 plus,Malaria,Number,2011,0.0,0.0,0.0
Deaths,Europe & Central Asia - WB,Both,Under 5,Malaria,Number,2013,0.0,0.0,0.0
Deaths,Europe & Central Asia - WB,Both,5-14 years,Malaria,Number,2013,0.0,0.0,0.0
Deaths,Europe & Central Asia - WB,Both,15-49 years,Malaria,Number,2013,0.0,0.0,0.0
Deaths,Europe & Central Asia - WB,Both,50 to 74 years,Malaria,Number,2013,0.0,0.0,0.0
Deaths,Europe & Central Asia - WB,Both,75 plus,Malaria,Number,2013,0.0,0.0,0.0
Deaths,Middle East & North Africa - WB,Both,Under 5,Malaria,Number,2013,83.39880505301464,230.68094300801468,15.49905366013173
Deaths,Middle East & North Africa - WB,Both,5-14 years,Malaria,Number,2013,38.798792830995296,109.56599967895173,6.3164107066321105
Deaths,Middle East & North Africa - WB,Both,15-49 years,Malaria,Number,2013,2932.494722755523,6592.661699753146,559.960273513308
Deaths,Middle East & North Africa - WB,Both,50 to 74 years,Malaria,Number,2013,874.7702634496417,2486.939927363602,132.16606742941315
Deaths,Middle East & North Africa - WB,Both,75 plus,Malaria,Number,2013,51.44430455743313,140.69593340057085,7.039698297274336
Deaths,Sub-Saharan Africa - WB,Both,Under 5,Malaria,Number,2011,512961.44680596126,831773.3345200861,259193.2290672997
Deaths,Sub-Saharan Africa - WB,Both,5-14 years,Malaria,Number,2011,32840.77825918969,55507.028329234585,15345.005034122274
Deaths,Sub-Saharan Africa - WB,Both,15-49 years,Malaria,Number,2011,97141.0101451653,167994.6127590243,44954.93561706282
Deaths,Sub-Saharan Africa - WB,Both,50 to 74 years,Malaria,Number,2011,117175.78482863301,201559.70626529385,54147.83453781456
Deaths,Sub-Saharan Africa - WB,Both,75 plus,Malaria,Number,2011,7063.618382042308,13314.719031684584,2927.5326501966506
Deaths,Latin America & Caribbean - WB,Both,Under 5,Malaria,Number,2007,401.03314414194506,803.6906821295961,166.42624173240256
Deaths,Latin America & Caribbean - WB,Both,5-14 years,Malaria,Number,2007,253.03159419118526,485.4050652823362,108.36108217226518
Deaths,Latin America & Caribbean - WB,Both,15-49 years,Malaria,Number,2007,1112.190159154996,2150.5079808992914,489.528959573102
Deaths,Latin America & Caribbean - WB,Both,50 to 74 years,Malaria,Number,2007,413.3883494962052,826.1769445010444,177.3084530211604
Deaths,Latin America & Caribbean - WB,Both,75 plus,Malaria,Number,2007,35.65341606953924,70.43977412085201,16.01453860016871
Deaths,Latin America & Caribbean - WB,Both,Under 5,Malaria,Number,2013,190.2903105180949,365.05292005722595,80.3884013364488
Deaths,Latin America & Caribbean - WB,Both,5-14 years,Malaria,Number,2013,115.37041247458926,212.94649838682292,47.70803679367379
Deaths,Latin America & Caribbean - WB,Both,15-49 years,Malaria,Number,2013,734.6182017262464,1379.8300324928832,318.7499746709291
Deaths,Latin America & Caribbean - WB,Both,50 to 74 years,Malaria,Number,2013,288.9772605412248,559.3881631430818,124.02461555382881
Deaths,Latin America & Caribbean - WB,Both,75 plus,Malaria,Number,2013,10.228205361771957,19.151163888979266,4.460103269598259
Deaths,Latin America & Caribbean - WB,Both,Under 5,Malaria,Number,2014,133.68121497182722,249.67063496232853,55.41442694945764
Deaths,Latin America & Caribbean - WB,Both,5-14 years,Malaria,Number,2014,78.53696646084727,141.33069458312067,32.547531456451544
Deaths,Latin America & Caribbean - WB,Both,15-49 years,Malaria,Number,2014,510.29982544296115,946.3166931275481,212.66601411558472
Deaths,Latin America & Caribbean - WB,Both,50 to 74 years,Malaria,Number,2014,205.38319382717893,387.6964156506635,87.08508979901629
Deaths,Latin America & Caribbean - WB,Both,75 plus,Malaria,Number,2014,18.377172325891756,33.27756888789664,7.7619322280366365
Deaths,East Asia & Pacific - WB,Both,Under 5,Malaria,Number,2014,1092.6658916418478,2218.808964422574,466.80565159425663
Deaths,East Asia & Pacific - WB,Both,5-14 years,Malaria,Number,2014,445.2765831103416,929.4488309847072,187.15051689498358
Deaths,East Asia & Pacific - WB,Both,15-49 years,Malaria,Number,2014,3250.0069088203236,6062.544836490286,1447.01532316434
Deaths,East Asia & Pacific - WB,Both,50 to 74 years,Malaria,Number,2014,2047.812361407699,4001.7895294343425,893.575034314183
Deaths,East Asia & Pacific - WB,Both,75 plus,Malaria,Number,2014,134.47916842884771,252.24298269368234,58.79897361096825
Deaths,South Asia - WB,Both,Under 5,Malaria,Number,2014,17090.31697966872,27714.953555180542,9399.404009441598
Deaths,South Asia - WB,Both,5-14 years,Malaria,Number,2014,11490.281276607406,18634.398626277678,6634.692883655042
Deaths,South Asia - WB,Both,15-49 years,Malaria,Number,2014,10723.811164444947,18523.45156548089,5506.5223705709395
Deaths,South Asia - WB,Both,50 to 74 years,Malaria,Number,2014,9870.625038446677,17343.584129407573,5066.647271705106
Deaths,South Asia - WB,Both,75 plus,Malaria,Number,2014,975.5210279028961,1773.9643419329423,494.0837923834023
Deaths,Sub-Saharan Africa - WB,Both,Under 5,Malaria,Number,2014,434572.7120292089,743713.7024621144,206327.2360239018
Deaths,Sub-Saharan Africa - WB,Both,5-14 years,Malaria,Number,2014,29790.466975284606,53671.85313635971,13266.759449219391
Deaths,Sub-Saharan Africa - WB,Both,15-49 years,Malaria,Number,2014,82553.67172562628,153153.9755527512,34535.61976575382
Deaths,Sub-Saharan Africa - WB,Both,50 to 74 years,Malaria,Number,2014,101153.3653248622,189321.72525297763,41258.16890923749
Deaths,Sub-Saharan Africa - WB,Both,75 plus,Malaria,Number,2014,13430.067600725446,26737.455451174385,5324.473529770805
Deaths,South Asia - WB,Both,Under 5,Malaria,Number,2007,29066.17231478917,57393.449920723106,14142.752831279267
Deaths,South Asia - WB,Both,5-14 years,Malaria,Number,2007,21565.023869867364,38084.49972681921,11685.965598690886
Deaths,South Asia - WB,Both,15-49 years,Malaria,Number,2007,14246.053747631024,26981.932470416185,6501.557989263234
Deaths,South Asia - WB,Both,50 to 74 years,Malaria,Number,2007,10296.524243259486,20553.953090755298,4561.377938159343
Deaths,South Asia - WB,Both,75 plus,Malaria,Number,2007,1089.9624984399925,2432.4307410027823,467.2995299945453
Deaths,Europe & Central Asia - WB,Both,Under 5,Malaria,Number,2014,0.0,0.0,0.0
Deaths,Europe & Central Asia - WB,Both,5-14 years,Malaria,Number,2014,0.0,0.0,0.0
Deaths,Europe & Central Asia - WB,Both,15-49 years,Malaria,Number,2014,0.0,0.0,0.0
Deaths,Europe & Central Asia - WB,Both,50 to 74 years,Malaria,Number,2014,0.0,0.0,0.0
Deaths,Europe & Central Asia - WB,Both,75 plus,Malaria,Number,2014,0.0,0.0,0.0
Deaths,South Asia - WB,Both,Under 5,Malaria,Number,2013,13797.79986854536,22437.88259550484,7984.254259454174
Deaths,South Asia - WB,Both,5-14 years,Malaria,Number,2013,9876.108754073353,15932.986578707778,5759.760626544508
Deaths,South Asia - WB,Both,15-49 years,Malaria,Number,2013,7372.859850109666,12424.524777542603,3982.8964280551804
Deaths,South Asia - WB,Both,50 to 74 years,Malaria,Number,2013,6277.320377573056,10737.861585822193,3361.510174610991
Deaths,South Asia - WB,Both,75 plus,Malaria,Number,2013,243.39822121294452,422.11881370471434,129.61846250394174
Deaths,North America,Both,Under 5,Malaria,Number,2014,0.0,0.0,0.0
Deaths,North America,Both,5-14 years,Malaria,Number,2014,0.0,0.0,0.0
Deaths,North America,Both,15-49 years,Malaria,Number,2014,0.0,0.0,0.0
Deaths,North America,Both,50 to 74 years,Malaria,Number,2014,0.0,0.0,0.0
Deaths,North America,Both,75 plus,Malaria,Number,2014,0.0,0.0,0.0
Deaths,Middle East & North Africa - WB,Both,Under 5,Malaria,Number,2014,118.0932144723118,308.55159775091465,29.057626401851167
Deaths,Middle East & North Africa - WB,Both,5-14 years,Malaria,Number,2014,51.22305213762819,147.7016319641011,9.86459319718703
Deaths,Middle East & North Africa - WB,Both,15-49 years,Malaria,Number,2014,3377.7802029466147,7941.803673538426,598.1305156875769
Deaths,Middle East & North Africa - WB,Both,50 to 74 years,Malaria,Number,2014,1060.8735547665285,3171.9811681114884,153.45514671615962
Deaths,Middle East & North Africa - WB,Both,75 plus,Malaria,Number,2014,152.87632487973414,448.60504136129543,18.442885978335564
Deaths,East Asia & Pacific - WB,Both,Under 5,Malaria,Number,2015,671.4246874728826,1366.754890799389,260.6470486870016
Deaths,East Asia & Pacific - WB,Both,5-14 years,Malaria,Number,2015,274.14783621248137,571.8057284516874,107.17052703238174
Deaths,East Asia & Pacific - WB,Both,15-49 years,Malaria,Number,2015,1958.7280526537818,3682.169129179361,806.4019645156366
Deaths,East Asia & Pacific - WB,Both,50 to 74 years,Malaria,Number,2015,1306.0342714918672,2466.784484939074,528.1880675200821
Deaths,East Asia & Pacific - WB,Both,75 plus,Malaria,Number,2015,31.994402149302797,59.38180048022257,13.362087716158156
Deaths,Europe & Central Asia - WB,Both,Under 5,Malaria,Number,2015,0.0,0.0,0.0
Deaths,Europe & Central Asia - WB,Both,5-14 years,Malaria,Number,2015,0.0,0.0,0.0
Deaths,Europe & Central Asia - WB,Both,15-49 years,Malaria,Number,2015,0.0,0.0,0.0
Deaths,Europe & Central Asia - WB,Both,50 to 74 years,Malaria,Number,2015,0.0,0.0,0.0
Deaths,Europe & Central Asia - WB,Both,75 plus,Malaria,Number,2015,0.0,0.0,0.0
Deaths,Middle East & North Africa - WB,Both,Under 5,Malaria,Number,2015,101.42700518745528,280.91840960815887,19.938988993923836
Deaths,Middle East & North Africa - WB,Both,5-14 years,Malaria,Number,2015,45.23026012597874,122.20507126158809,6.31047666752505
Deaths,Middle East & North Africa - WB,Both,15-49 years,Malaria,Number,2015,3145.877148904073,7632.127774140384,421.8814465306261
Deaths,Middle East & North Africa - WB,Both,50 to 74 years,Malaria,Number,2015,991.1216399019302,2782.8041162004424,103.38726938195897
Deaths,Middle East & North Africa - WB,Both,75 plus,Malaria,Number,2015,56.701171284075905,165.79583618787166,5.253007204171691
Deaths,Sub-Saharan Africa - WB,Both,Under 5,Malaria,Number,2015,413722.2990667214,734437.8751332109,190668.35438940994
Deaths,Sub-Saharan Africa - WB,Both,5-14 years,Malaria,Number,2015,29240.09456454126,55007.098333285525,12303.40345352153
Deaths,Sub-Saharan Africa - WB,Both,15-49 years,Malaria,Number,2015,84809.74801568469,163970.13135230125,33909.38298652571
Deaths,Sub-Saharan Africa - WB,Both,50 to 74 years,Malaria,Number,2015,103939.31591428582,202504.518077067,41669.38371337073
Deaths,Sub-Saharan Africa - WB,Both,75 plus,Malaria,Number,2015,5913.2567738478165,12765.277618745244,2127.2284643846265
Deaths,Europe & Central Asia - WB,Both,Under 5,Malaria,Number,2008,9.204348824249653,26.319471509988574,3.360726409927051
Deaths,Europe & Central Asia - WB,Both,5-14 years,Malaria,Number,2008,0.21214758960407454,0.39920902436047095,0.1389675420439408
Deaths,Europe & Central Asia - WB,Both,15-49 years,Malaria,Number,2008,6.718197665480597,15.183525735495557,3.4002184572337515
Deaths,Europe & Central Asia - WB,Both,50 to 74 years,Malaria,Number,2008,3.4250158011685357,7.998050873900012,1.6452906389274236
Deaths,Europe & Central Asia - WB,Both,75 plus,Malaria,Number,2008,0.9116603907372774,1.3231045609419698,0.6955604583887521
Deaths,North America,Both,Under 5,Malaria,Number,2015,0.0,0.0,0.0
Deaths,North America,Both,5-14 years,Malaria,Number,2015,0.0,0.0,0.0
Deaths,North America,Both,15-49 years,Malaria,Number,2015,0.0,0.0,0.0
Deaths,North America,Both,50 to 74 years,Malaria,Number,2015,0.0,0.0,0.0
Deaths,North America,Both,75 plus,Malaria,Number,2015,0.0,0.0,0.0
Deaths,Middle East & North Africa - WB,Both,Under 5,Malaria,Number,2008,63.22072585052282,145.58583206913355,15.874044749489856
Deaths,Middle East & North Africa - WB,Both,5-14 years,Malaria,Number,2008,25.734771355746737,60.48543236920963,6.838639249698307
Deaths,Middle East & North Africa - WB,Both,15-49 years,Malaria,Number,2008,1827.2901676570018,3710.23211638291,537.2239675144888
Deaths,Middle East & North Africa - WB,Both,50 to 74 years,Malaria,Number,2008,466.0408734236253,1035.0216091088153,126.16530624678391
Deaths,Middle East & North Africa - WB,Both,75 plus,Malaria,Number,2008,27.133984210771782,60.637868665348435,7.06745270653111
Deaths,East Asia & Pacific - WB,Both,Under 5,Malaria,Number,2016,510.41757688476645,1021.34588318615,209.1774259021736
Deaths,East Asia & Pacific - WB,Both,5-14 years,Malaria,Number,2016,205.60599006085994,405.2993364835469,87.89078797725298
Deaths,East Asia & Pacific - WB,Both,15-49 years,Malaria,Number,2016,1773.4010349113673,3300.901002174791,758.3873383848476
Deaths,East Asia & Pacific - WB,Both,50 to 74 years,Malaria,Number,2016,1191.6626065319242,2241.8162707407478,506.15004374062505
Deaths,East Asia & Pacific - WB,Both,75 plus,Malaria,Number,2016,70.92777159372167,133.16418513861126,31.793731717551648
Deaths,Latin America & Caribbean - WB,Both,Under 5,Malaria,Number,2016,148.4763859445415,287.78478098232625,58.614935965799745
Deaths,Latin America & Caribbean - WB,Both,5-14 years,Malaria,Number,2016,86.27122685388392,164.16146956850295,36.19207528793082
Deaths,Latin America & Caribbean - WB,Both,15-49 years,Malaria,Number,2016,611.986795136881,1180.0617444046136,252.79820044938418
Deaths,Latin America & Caribbean - WB,Both,50 to 74 years,Malaria,Number,2016,260.33258854311794,510.99878822874825,109.0945831086456
Deaths,Latin America & Caribbean - WB,Both,75 plus,Malaria,Number,2016,22.888239240508657,43.571557197022244,9.59999928513595
Deaths,North America,Both,Under 5,Malaria,Number,2009,0.0,0.0,0.0
Deaths,North America,Both,5-14 years,Malaria,Number,2009,0.0,0.0,0.0
Deaths,North America,Both,15-49 years,Malaria,Number,2009,0.0,0.0,0.0
Deaths,North America,Both,50 to 74 years,Malaria,Number,2009,0.0,0.0,0.0
Deaths,North America,Both,75 plus,Malaria,Number,2009,0.0,0.0,0.0
Deaths,Sub-Saharan Africa - WB,Both,Under 5,Malaria,Number,2016,384191.4705800226,683662.7405467888,172315.54369524505
Deaths,Sub-Saharan Africa - WB,Both,5-14 years,Malaria,Number,2016,28738.21962346272,54686.85174070086,12061.477464072728
Deaths,Sub-Saharan Africa - WB,Both,15-49 years,Malaria,Number,2016,83178.38743382943,162656.345308058,34435.09316268846
Deaths,Sub-Saharan Africa - WB,Both,50 to 74 years,Malaria,Number,2016,101471.064974867,205987.69727636347,41591.11154147395
Deaths,Sub-Saharan Africa - WB,Both,75 plus,Malaria,Number,2016,13493.187648230229,28065.86465090258,5237.262662235625
Deaths,South Asia - WB,Both,Under 5,Malaria,Number,2016,12576.396411565072,20256.68362966972,7228.5633874636505
Deaths,South Asia - WB,Both,5-14 years,Malaria,Number,2016,9112.577723369695,15541.619234081681,4942.973507960797
Deaths,South Asia - WB,Both,15-49 years,Malaria,Number,2016,8691.476229535285,16584.860889476142,4367.9897754200665
Deaths,South Asia - WB,Both,50 to 74 years,Malaria,Number,2016,8473.712385130473,16757.15110946702,4347.509958922735
Deaths,South Asia - WB,Both,75 plus,Malaria,Number,2016,827.9391123829527,1647.3833458166423,411.14181928168057
Deaths,East Asia & Pacific - WB,Both,Under 5,Malaria,Number,2009,3868.4375827855038,7918.955963751572,1688.6607664684566
Deaths,East Asia & Pacific - WB,Both,5-14 years,Malaria,Number,2009,1689.3242238348123,3278.5645052378004,739.2051314265494
Deaths,East Asia & Pacific - WB,Both,15-49 years,Malaria,Number,2009,8666.502701006078,16554.101435363616,3858.824333468055
Deaths,East Asia & Pacific - WB,Both,50 to 74 years,Malaria,Number,2009,5290.746176635429,10746.135269915887,2226.48172711996
Deaths,East Asia & Pacific - WB,Both,75 plus,Malaria,Number,2009,147.37857362183703,304.08811138606507,61.11884671473943
Deaths,North America,Both,Under 5,Malaria,Number,2016,0.0,0.0,0.0
Deaths,North America,Both,5-14 years,Malaria,Number,2016,0.0,0.0,0.0
Deaths,North America,Both,15-49 years,Malaria,Number,2016,0.0,0.0,0.0
Deaths,North America,Both,50 to 74 years,Malaria,Number,2016,0.0,0.0,0.0
Deaths,North America,Both,75 plus,Malaria,Number,2016,0.0,0.0,0.0
Deaths,Sub-Saharan Africa - WB,Both,Under 5,Malaria,Number,2009,558149.0778066645,875599.4740949266,303642.0169538363
Deaths,Sub-Saharan Africa - WB,Both,5-14 years,Malaria,Number,2009,35186.41542793362,55562.45207572938,18135.31609406699
Deaths,Sub-Saharan Africa - WB,Both,15-49 years,Malaria,Number,2009,101947.67534312441,166425.52436011174,52464.36886846494
Deaths,Sub-Saharan Africa - WB,Both,50 to 74 years,Malaria,Number,2009,121980.78026992286,198334.88087292045,62891.59140682843
Deaths,Sub-Saharan Africa - WB,Both,75 plus,Malaria,Number,2009,7655.849505578098,13420.753618510493,3540.2210292573363
Deaths,Europe & Central Asia - WB,Both,Under 5,Malaria,Number,2017,0.0,0.0,0.0
Deaths,Europe & Central Asia - WB,Both,5-14 years,Malaria,Number,2017,0.0,0.0,0.0
Deaths,Europe & Central Asia - WB,Both,15-49 years,Malaria,Number,2017,0.0,0.0,0.0
Deaths,Europe & Central Asia - WB,Both,50 to 74 years,Malaria,Number,2017,0.0,0.0,0.0
Deaths,Europe & Central Asia - WB,Both,75 plus,Malaria,Number,2017,0.0,0.0,0.0
Deaths,Latin America & Caribbean - WB,Both,Under 5,Malaria,Number,2017,134.93422714914183,275.6004190639935,54.980966508309315
Deaths,Latin America & Caribbean - WB,Both,5-14 years,Malaria,Number,2017,82.31894006344739,163.69188979524301,34.27380189232997
Deaths,Latin America & Caribbean - WB,Both,15-49 years,Malaria,Number,2017,610.6924399291233,1242.2958228028788,261.45784020516464
Deaths,Latin America & Caribbean - WB,Both,50 to 74 years,Malaria,Number,2017,265.73634360000904,542.5940543075317,110.39856909371943
Deaths,Latin America & Caribbean - WB,Both,75 plus,Malaria,Number,2017,22.13787061222778,44.63461840816711,9.17218509320607
Deaths,Middle East & North Africa - WB,Both,Under 5,Malaria,Number,2017,93.34803885136678,260.7563053848564,19.590441462335676
Deaths,Middle East & North Africa - WB,Both,5-14 years,Malaria,Number,2017,48.6574433932676,147.52181468067167,7.2680931273808165
Deaths,Middle East & North Africa - WB,Both,15-49 years,Malaria,Number,2017,3532.619946596001,8995.689536600668,460.4481531753061
Deaths,Middle East & North Africa - WB,Both,50 to 74 years,Malaria,Number,2017,1124.3596026682826,3447.6686471020193,109.27020469137695
Deaths,Middle East & North Africa - WB,Both,75 plus,Malaria,Number,2017,158.00126453902908,497.7281931669521,13.963418936213937
Deaths,South Asia - WB,Both,Under 5,Malaria,Number,2017,10254.440757254102,17069.174618729445,5726.674225335553
Deaths,South Asia - WB,Both,5-14 years,Malaria,Number,2017,8699.8417892441,15258.978529196163,4573.753408423402
Deaths,South Asia - WB,Both,15-49 years,Malaria,Number,2017,8012.567756255043,14817.566754888661,3859.5784365538298
Deaths,South Asia - WB,Both,50 to 74 years,Malaria,Number,2017,7788.8134110122655,14881.89632500138,3792.73039057565
Deaths,South Asia - WB,Both,75 plus,Malaria,Number,2017,755.9695013757647,1446.090002295222,366.34568673212846
Deaths,Latin America & Caribbean - WB,Both,Under 5,Malaria,Number,2018,128.11145245230207,297.8633706347057,44.364943093977445
Deaths,Latin America & Caribbean - WB,Both,5-14 years,Malaria,Number,2018,83.18236675980698,190.46850553003918,29.541225326847666
Deaths,Latin America & Caribbean - WB,Both,15-49 years,Malaria,Number,2018,640.7216442042302,1470.50344459555,229.51062605379516
Deaths,Latin America & Caribbean - WB,Both,50 to 74 years,Malaria,Number,2018,269.9213381752141,633.9363435858602,94.58132660996098
Deaths,Latin America & Caribbean - WB,Both,75 plus,Malaria,Number,2018,21.395473258135702,49.86883479809398,7.493809588507777
Deaths,Europe & Central Asia - WB,Both,Under 5,Malaria,Number,2018,0.0,0.0,0.0
Deaths,Europe & Central Asia - WB,Both,5-14 years,Malaria,Number,2018,0.0,0.0,0.0
Deaths,Europe & Central Asia - WB,Both,15-49 years,Malaria,Number,2018,0.0,0.0,0.0
Deaths,Europe & Central Asia - WB,Both,50 to 74 years,Malaria,Number,2018,0.0,0.0,0.0
Deaths,Europe & Central Asia - WB,Both,75 plus,Malaria,Number,2018,0.0,0.0,0.0
Deaths,East Asia & Pacific - WB,Both,Under 5,Malaria,Number,2018,265.35961356697777,742.0587812013534,69.86025257569322
Deaths,East Asia & Pacific - WB,Both,5-14 years,Malaria,Number,2018,111.89588215391822,300.96546202788886,30.36498677740855
Deaths,East Asia & Pacific - WB,Both,15-49 years,Malaria,Number,2018,1091.6094293650056,2622.3438905888656,365.8234288299846
Deaths,East Asia & Pacific - WB,Both,50 to 74 years,Malaria,Number,2018,718.8333728813973,1874.798950193566,234.61052942528602
Deaths,East Asia & Pacific - WB,Both,75 plus,Malaria,Number,2018,45.738002278616655,122.00952715515145,14.262825341116319
Deaths,Middle East & North Africa - WB,Both,Under 5,Malaria,Number,2018,73.87799235199007,230.40965010388703,6.707059759069403
Deaths,Middle East & North Africa - WB,Both,5-14 years,Malaria,Number,2018,43.39253031840425,143.86118392905308,3.6445229775296957
Deaths,Middle East & North Africa - WB,Both,15-49 years,Malaria,Number,2018,3302.6735826213953,9475.961848461126,347.48582292784243
Deaths,Middle East & North Africa - WB,Both,50 to 74 years,Malaria,Number,2018,1043.6829596392352,3588.0291395472595,78.44019553429752
Deaths,Middle East & North Africa - WB,Both,75 plus,Malaria,Number,2018,145.7586378118975,486.8574660019534,10.154873721009452
Deaths,South Asia - WB,Both,Under 5,Malaria,Number,2018,10805.3538485176,22402.90745337981,3972.869191779388
Deaths,South Asia - WB,Both,5-14 years,Malaria,Number,2018,9416.223945313857,19145.800808236498,3453.3244100027073
Deaths,South Asia - WB,Both,15-49 years,Malaria,Number,2018,8993.516461450256,22037.77390981202,2651.8606619362577
Deaths,South Asia - WB,Both,50 to 74 years,Malaria,Number,2018,8801.811586071914,22284.81020674951,2547.3288344394773
Deaths,South Asia - WB,Both,75 plus,Malaria,Number,2018,877.1393863211446,2180.5779158315195,253.69297163922218
Deaths,Sub-Saharan Africa - WB,Both,Under 5,Malaria,Number,2018,344914.8769014176,622652.8857449158,163133.55565340095
Deaths,Sub-Saharan Africa - WB,Both,5-14 years,Malaria,Number,2018,29139.281668896947,54180.1710684121,13053.755907990953
Deaths,Sub-Saharan Africa - WB,Both,15-49 years,Malaria,Number,2018,88342.287486841,168963.1846966746,37850.929923630436
Deaths,Sub-Saharan Africa - WB,Both,50 to 74 years,Malaria,Number,2018,107657.66434048531,207550.23677437977,46583.69477258703
Deaths,Sub-Saharan Africa - WB,Both,75 plus,Malaria,Number,2018,14635.189096567741,29506.155366624484,6238.1645586369805
Deaths,North America,Both,Under 5,Malaria,Number,2018,0.0,0.0,0.0
Deaths,North America,Both,5-14 years,Malaria,Number,2018,0.0,0.0,0.0
Deaths,North America,Both,15-49 years,Malaria,Number,2018,0.0,0.0,0.0
Deaths,North America,Both,50 to 74 years,Malaria,Number,2018,0.0,0.0,0.0
Deaths,North America,Both,75 plus,Malaria,Number,2018,0.0,0.0,0.0
Deaths,Latin America & Caribbean - WB,Both,Under 5,Malaria,Number,2011,241.36655427501768,492.7915403711834,99.7356397589682
Deaths,Latin America & Caribbean - WB,Both,5-14 years,Malaria,Number,2011,148.87429383269605,294.38365580807874,66.02604990084156
Deaths,Latin America & Caribbean - WB,Both,15-49 years,Malaria,Number,2011,874.6847601041411,1704.1963758288093,380.9202691611096
Deaths,Latin America & Caribbean - WB,Both,50 to 74 years,Malaria,Number,2011,320.2422391688476,649.9603388087796,135.5087225692626
Deaths,Latin America & Caribbean - WB,Both,75 plus,Malaria,Number,2011,11.291418141719122,22.85329251887018,4.974337798966984
Deaths,Sub-Saharan Africa - WB,Both,Under 5,Malaria,Number,2019,345485.2077401201,615719.8139315222,163363.2986189411
Deaths,Sub-Saharan Africa - WB,Both,5-14 years,Malaria,Number,2019,29958.666873233273,56428.771384731444,13359.5610553089
Deaths,Sub-Saharan Africa - WB,Both,15-49 years,Malaria,Number,2019,92678.98973611793,177530.80643916148,41250.48276071071
Deaths,Sub-Saharan Africa - WB,Both,50 to 74 years,Malaria,Number,2019,112914.79892055674,219825.9040638065,48429.714309498784
Deaths,Sub-Saharan Africa - WB,Both,75 plus,Malaria,Number,2019,15450.52476001761,31129.28227429216,6484.588964699102
Deaths,Middle East & North Africa - WB,Both,Under 5,Malaria,Number,2019,77.98049557272488,273.52849167333943,4.680911746009087
Deaths,Middle East & North Africa - WB,Both,5-14 years,Malaria,Number,2019,48.586669690733345,170.86669382169865,3.267417579891097
Deaths,Middle East & North Africa - WB,Both,15-49 years,Malaria,Number,2019,3681.4007520330356,10533.34907325207,368.37002321244995
Deaths,Middle East & North Africa - WB,Both,50 to 74 years,Malaria,Number,2019,1210.476628667374,4350.612905558628,90.19216702027724
Deaths,Middle East & North Africa - WB,Both,75 plus,Malaria,Number,2019,168.6184850078962,651.6533613028906,11.613847720630122
Deaths,East Asia & Pacific - WB,Both,Under 5,Malaria,Number,2019,256.6519289926451,686.5357247376704,64.7718801575215
Deaths,East Asia & Pacific - WB,Both,5-14 years,Malaria,Number,2019,110.01982646222919,278.0555064262917,28.954450589620937
Deaths,East Asia & Pacific - WB,Both,15-49 years,Malaria,Number,2019,1048.3243961370474,2812.541135586215,309.6587646024839
Deaths,East Asia & Pacific - WB,Both,50 to 74 years,Malaria,Number,2019,684.6827529525693,1793.4422368969083,194.03972069999227
Deaths,East Asia & Pacific - WB,Both,75 plus,Malaria,Number,2019,42.04026260209325,116.33722931192068,12.19708334628087
Deaths,Europe & Central Asia - WB,Both,Under 5,Malaria,Number,2019,0.0,0.0,0.0
Deaths,Europe & Central Asia - WB,Both,5-14 years,Malaria,Number,2019,0.0,0.0,0.0
Deaths,Europe & Central Asia - WB,Both,15-49 years,Malaria,Number,2019,0.0,0.0,0.0
Deaths,Europe & Central Asia - WB,Both,50 to 74 years,Malaria,Number,2019,0.0,0.0,0.0
Deaths,Europe & Central Asia - WB,Both,75 plus,Malaria,Number,2019,0.0,0.0,0.0
Deaths,North America,Both,Under 5,Malaria,Number,2019,0.0,0.0,0.0
Deaths,North America,Both,5-14 years,Malaria,Number,2019,0.0,0.0,0.0
Deaths,North America,Both,15-49 years,Malaria,Number,2019,0.0,0.0,0.0
Deaths,North America,Both,50 to 74 years,Malaria,Number,2019,0.0,0.0,0.0
Deaths,North America,Both,75 plus,Malaria,Number,2019,0.0,0.0,0.0
Deaths,Europe & Central Asia - WB,Both,Under 5,Malaria,Number,2012,0.0,0.0,0.0
Deaths,Europe & Central Asia - WB,Both,5-14 years,Malaria,Number,2012,0.0,0.0,0.0
Deaths,Europe & Central Asia - WB,Both,15-49 years,Malaria,Number,2012,0.0,0.0,0.0
Deaths,Europe & Central Asia - WB,Both,50 to 74 years,Malaria,Number,2012,0.0,0.0,0.0
Deaths,Europe & Central Asia - WB,Both,75 plus,Malaria,Number,2012,0.0,0.0,0.0
Deaths,Middle East & North Africa - WB,Both,Under 5,Malaria,Number,2012,89.6270183817106,239.7786652287076,16.480493660782024
Deaths,Middle East & North Africa - WB,Both,5-14 years,Malaria,Number,2012,43.292331228173545,114.77967182610325,7.838103838431437
Deaths,Middle East & North Africa - WB,Both,15-49 years,Malaria,Number,2012,3250.716621484805,7103.253659500019,807.1317231771072
Deaths,Middle East & North Africa - WB,Both,50 to 74 years,Malaria,Number,2012,969.8673020339002,2446.242990101666,199.86933320048126
Deaths,Middle East & North Africa - WB,Both,75 plus,Malaria,Number,2012,57.52156377303298,150.1985476663318,11.502045660605106
Deaths,East Asia & Pacific - WB,Both,Under 5,Malaria,Number,2013,1711.1984283025442,3347.245661209924,718.2970050124075
Deaths,East Asia & Pacific - WB,Both,5-14 years,Malaria,Number,2013,725.2670674174176,1451.4209584861194,291.98363970115537
Deaths,East Asia & Pacific - WB,Both,15-49 years,Malaria,Number,2013,4299.682227838436,8165.903261953407,1780.9139507033865
Deaths,East Asia & Pacific - WB,Both,50 to 74 years,Malaria,Number,2013,2836.8097318074783,5458.056488418782,1170.6540796711695
Deaths,East Asia & Pacific - WB,Both,75 plus,Malaria,Number,2013,70.51330918254703,134.673462552064,30.846088710613824
Deaths,South Asia - WB,Both,Under 5,Malaria,Number,2011,25909.939023678373,43362.434675586395,14021.093558629578
Deaths,South Asia - WB,Both,5-14 years,Malaria,Number,2011,22109.16822852751,35909.78565300416,12869.685505368698
Deaths,South Asia - WB,Both,15-49 years,Malaria,Number,2011,17181.895241055754,30949.96967890211,9295.111649161952
Deaths,South Asia - WB,Both,50 to 74 years,Malaria,Number,2011,12446.554649874593,23035.834318229823,6591.426335732913
Deaths,South Asia - WB,Both,75 plus,Malaria,Number,2011,546.3549259984036,1003.094015716066,284.3357182179009
Deaths,Sub-Saharan Africa - WB,Both,Under 5,Malaria,Number,2013,465724.3284055159,771507.2075549192,219577.39904460163
Deaths,Sub-Saharan Africa - WB,Both,5-14 years,Malaria,Number,2013,30868.960810517015,54226.73226550474,13945.069513875369
Deaths,Sub-Saharan Africa - WB,Both,15-49 years,Malaria,Number,2013,88451.60481474623,162422.3149249366,37745.27127785289
Deaths,Sub-Saharan Africa - WB,Both,50 to 74 years,Malaria,Number,2013,107966.37857114788,193088.88820302038,45805.54141180808
Deaths,Sub-Saharan Africa - WB,Both,75 plus,Malaria,Number,2013,6234.63409978851,11993.611531377004,2380.0144517580425
Deaths,Latin America & Caribbean - WB,Both,Under 5,Malaria,Number,2015,130.2064912910378,266.3188126879228,56.084691708602065
Deaths,Latin America & Caribbean - WB,Both,5-14 years,Malaria,Number,2015,74.86512325142219,151.7658956947985,32.44019901672863
Deaths,Latin America & Caribbean - WB,Both,15-49 years,Malaria,Number,2015,532.2244792758495,1075.7761988642555,227.0256327655175
Deaths,Latin America & Caribbean - WB,Both,50 to 74 years,Malaria,Number,2015,219.10353620013805,445.1925964975907,94.86326657163599
Deaths,Latin America & Caribbean - WB,Both,75 plus,Malaria,Number,2015,7.843860357228987,15.723586600287158,3.499981267083823
Deaths,North America,Both,Under 5,Malaria,Number,2013,0.0,0.0,0.0
Deaths,North America,Both,5-14 years,Malaria,Number,2013,0.0,0.0,0.0
Deaths,North America,Both,15-49 years,Malaria,Number,2013,0.0,0.0,0.0
Deaths,North America,Both,50 to 74 years,Malaria,Number,2013,0.0,0.0,0.0
Deaths,North America,Both,75 plus,Malaria,Number,2013,0.0,0.0,0.0
Deaths,Europe & Central Asia - WB,Both,Under 5,Malaria,Number,2016,0.0,0.0,0.0
Deaths,Europe & Central Asia - WB,Both,5-14 years,Malaria,Number,2016,0.0,0.0,0.0
Deaths,Europe & Central Asia - WB,Both,15-49 years,Malaria,Number,2016,0.0,0.0,0.0
Deaths,Europe & Central Asia - WB,Both,50 to 74 years,Malaria,Number,2016,0.0,0.0,0.0
Deaths,Europe & Central Asia - WB,Both,75 plus,Malaria,Number,2016,0.0,0.0,0.0
Deaths,Latin America & Caribbean - WB,Both,Under 5,Malaria,Number,2019,143.55133963209823,339.19267087567266,44.282595849474845
Deaths,Latin America & Caribbean - WB,Both,5-14 years,Malaria,Number,2019,95.100140744651,211.1072929897174,30.826704419484756
Deaths,Latin America & Caribbean - WB,Both,15-49 years,Malaria,Number,2019,749.5480864087375,1732.0633349380096,237.8172924890506
Deaths,Latin America & Caribbean - WB,Both,50 to 74 years,Malaria,Number,2019,327.8973322315586,754.1661335342219,100.60605696691646
Deaths,Latin America & Caribbean - WB,Both,75 plus,Malaria,Number,2019,25.835169208932516,58.72640941695875,8.07963392417113
Deaths,South Asia - WB,Both,Under 5,Malaria,Number,2015,18190.352397082122,29374.335509043907,10411.12169320881
Deaths,South Asia - WB,Both,5-14 years,Malaria,Number,2015,12074.416661595587,19989.61009681035,6688.257687512645
Deaths,South Asia - WB,Both,15-49 years,Malaria,Number,2015,12559.993353806327,23682.79460503991,6248.550991635275
Deaths,South Asia - WB,Both,50 to 74 years,Malaria,Number,2015,12394.000928996604,24286.72524518161,6113.799839820963
Deaths,South Asia - WB,Both,75 plus,Malaria,Number,2015,500.31142385097957,993.1813265518409,238.72938401580566
Deaths,Middle East & North Africa - WB,Both,Under 5,Malaria,Number,2016,104.32227840478923,276.1472937237066,22.710742820342116
Deaths,Middle East & North Africa - WB,Both,5-14 years,Malaria,Number,2016,48.90689583607762,130.35423290296225,9.029711416221867
Deaths,Middle East & North Africa - WB,Both,15-49 years,Malaria,Number,2016,3364.604776511368,8150.576603888889,482.5302104007128
Deaths,Middle East & North Africa - WB,Both,50 to 74 years,Malaria,Number,2016,1059.5470902276313,2905.1998593851877,124.54815932853043
Deaths,Middle East & North Africa - WB,Both,75 plus,Malaria,Number,2016,148.90058224824583,418.03407171033734,14.6740902315359
Deaths,South Asia - WB,Both,Under 5,Malaria,Number,2019,10323.433689657755,21956.80333598653,4146.1005123719015
Deaths,South Asia - WB,Both,5-14 years,Malaria,Number,2019,9326.74850511117,20483.723382856017,3495.543773052893
Deaths,South Asia - WB,Both,15-49 years,Malaria,Number,2019,8926.160861707473,23867.147439283235,2725.2399402457186
Deaths,South Asia - WB,Both,50 to 74 years,Malaria,Number,2019,8602.439065763685,23876.46145768284,2563.897021722267
Deaths,South Asia - WB,Both,75 plus,Malaria,Number,2019,865.5857295589781,2539.4294762040045,258.1472388217127
Deaths,North America,Both,Under 5,Malaria,Number,2017,0.0,0.0,0.0
Deaths,North America,Both,5-14 years,Malaria,Number,2017,0.0,0.0,0.0
Deaths,North America,Both,15-49 years,Malaria,Number,2017,0.0,0.0,0.0
Deaths,North America,Both,50 to 74 years,Malaria,Number,2017,0.0,0.0,0.0
Deaths,North America,Both,75 plus,Malaria,Number,2017,0.0,0.0,0.0
Deaths,East Asia & Pacific - WB,Both,Under 5,Malaria,Number,2017,373.1613070059698,704.2494206693932,157.0685481738436
Deaths,East Asia & Pacific - WB,Both,5-14 years,Malaria,Number,2017,152.62920161190326,286.6461565671729,64.19693279958695
Deaths,East Asia & Pacific - WB,Both,15-49 years,Malaria,Number,2017,1603.6122872619296,2923.0967772487165,699.0143449771724
Deaths,East Asia & Pacific - WB,Both,50 to 74 years,Malaria,Number,2017,1050.4352172970227,2034.060552758778,413.39412415022986
Deaths,East Asia & Pacific - WB,Both,75 plus,Malaria,Number,2017,70.0503717703568,156.3404557004561,22.244169451484773
Deaths,Sub-Saharan Africa - WB,Both,Under 5,Malaria,Number,2017,355340.1412005312,642093.4955596833,161776.66940242922
Deaths,Sub-Saharan Africa - WB,Both,5-14 years,Malaria,Number,2017,28305.932810422284,52521.0255484984,12206.346704315763
Deaths,Sub-Saharan Africa - WB,Both,15-49 years,Malaria,Number,2017,84587.24854567314,162374.90073146552,36320.57451598575
Deaths,Sub-Saharan Africa - WB,Both,50 to 74 years,Malaria,Number,2017,102873.44043282053,202911.75132005865,42852.17131230044
Deaths,Sub-Saharan Africa - WB,Both,75 plus,Malaria,Number,2017,13715.074197476464,28422.72327086392,5573.122319092954
